{
  "id": "",
  "name": "",
  "font_family": "iconfont",
  "css_prefix_text": "icon-",
  "description": "",
  "glyphs": [
    {
      "icon_id": "485763",
      "name": "收 藏",
      "font_class": "shoucang",
      "unicode": "e60f",
      "unicode_decimal": 58895
    },
    {
      "icon_id": "637813",
      "name": "足迹",
      "font_class": "zuji",
      "unicode": "e638",
      "unicode_decimal": 58936
    },
    {
      "icon_id": "666888",
      "name": "手机",
      "font_class": "shouji",
      "unicode": "e692",
      "unicode_decimal": 59026
    },
    {
      "icon_id": "970736",
      "name": "购物车",
      "font_class": "gouwuche",
      "unicode": "e621",
      "unicode_decimal": 58913
    },
    {
      "icon_id": "7055646",
      "name": "消息",
      "font_class": "xiaoxi",
      "unicode": "e72c",
      "unicode_decimal": 59180
    },
    {
      "icon_id": "7550240",
      "name": "优惠券",
      "font_class": "youhuiquan",
      "unicode": "e693",
      "unicode_decimal": 59027
    }
  ]
}
